Название модели,Цена,Ссылка
"Timio F152G Ноутбук 15.6"", Intel Celeron N5095, RAM 16 ГБ, SSD 256 ГБ, Intel UHD Graphics 750, Windows Pro, светло-серый, Русская раскладка",28 382 ₽,https://www.ozon.ru/product/timio-f152g-noutbuk-15-6-intel-celeron-n5095-ram-16-gb-ssd-256-gb-intel-uhd-graphics-750-windows-pro-1643130896/?asb=fSyVZmg%252Bdk53apuVqTbkNlGBlA67ge%252BUYaM4E%252FHzQ6g%253D&asb2=0nmMBTdmg7Rnoa9KhMH_hy-PHu60rY-kqvlzHiU2aba-aHKqFngWdmDXdQQnIn63cl_bvh8buaX8x4MugtfaibqFL8fszUkHd_4rgz8hb4aYcxtKD6FCPY1_03nJ3ORkqtzKOq-qHYWy2_MRLhcDag&avtc=1&avte=4&avts=1724073062
"Timio J4105 Ноутбук 14"", Intel Celeron J4105, RAM 8 ГБ, SSD 256 ГБ, Intel UHD Graphics 600, Windows Pro, (8765569), светло-серый, Русская раскладка",22 741 ₽,https://www.ozon.ru/product/timio-j4105-noutbuk-14-intel-celeron-j4105-ram-8-gb-ssd-256-gb-intel-uhd-graphics-600-windows-1641837754/?asb=K%252FE0LBXNjnTUBZxTldu6RhilIr6SCN0AMaTTx9YOt8M%253D&asb2=QeuGm9II8OL3RPVqlQra4-TzrbfKhqmjT-K_Fnh74N9eAE6ufcwqxXrPvRMWwTim-w5FCL30eay27CMJoAALhcf9GVHPUzryVArdThNXpRMwClLHIVL6OCWpRNuA5HjcKJ9VcZcV4Th2I2tGkSEJzX_xv6x3l8SdpSdaWlW2rRc&avtc=1&avte=4&avts=1724073062
"DT Retail для работы и учебы черный RAM 16 / SSD M.2 256 gb / Русская клавиатура / Windows PRO Ноутбук 15"", Intel Celeron N5095, RAM 16 ГБ, SSD 256 ГБ, Intel UHD Graphics, Windows Pro, черный, Русская раскладка",28 513 ₽,https://www.ozon.ru/product/dt-retail-dlya-raboty-i-ucheby-chernyy-ram-16-ssd-m-2-256-gb-russkaya-klaviatura-windows-pro-noutbuk-1641634456/?asb=oaIRYGHIt4SfHKVF2lkZBJ%252BFhh4Ka%252BuzNGwCDFywD2U%253D&asb2=VZGe5fNltdADxzl2vyg_9M3AZViWmk1unUV6i6Rdh5hc3fV4lTeELZ7Txjpa0QCK0qaAvax_bNa5DN2TEsLp9w&avtc=1&avte=4&avts=1724073062
"Lenovo IdeaPad Slim 3 15ABR8 Ноутбук 15.6"", AMD Ryzen 5 7530U, RAM 8 ГБ, SSD 512 ГБ, AMD Radeon Graphics, Без системы, (82XM00CDRK), серебристый, Русская раскладка",38 339 ₽,https://www.ozon.ru/product/lenovo-ideapad-slim-3-15abr8-noutbuk-15-6-amd-ryzen-5-7530u-ram-8-gb-ssd-512-gb-amd-radeon-graphics-1647557651/?asb=HsGLPwwrhYEyrBwUVa3KmhTW4z1kvO%252B7NwxndIADFI0%253D&asb2=a-hL1pzHhaG9AGgSq6Topwo-njwgVEfkwg4MOGJXnXg8JX4QFzWCaoUSDl4dt101FtJjAqZJEIX0MPmvc1UW2g&avtc=1&avte=2&avts=1724073062
"Amyzavls ,1920*1080, SSD 512 ГБ, Ноутбук 15.6"", Intel Celeron 5805, RAM 16 ГБ, SSD, Windows Pro, серебристый, серый, Русская раскладка",27 345 ₽,https://www.ozon.ru/product/amyzavls-1920-1080-ssd-512-gb-noutbuk-15-6-intel-celeron-5805-ram-16-gb-ssd-windows-pro-1623420521/?advert=D9w4_I84LyRPiuXNYFseT3DTTUsT-PQitVlUiAKKwMjWrUl5hGJ0njSaBYFWDu-0Sz1ggtStW-dduBrjODtEIu0TZ77S9PlmP2NPSfh9SsBh1jyvGZnR59i7xmM1pamsVVqjd1M-xPtv4IDR-fDYdqSESyUNp409W9Z2tNQthMVxXRQqLuQYpU-tgOvC2isG_OBhoXWfkNIFTqNgaG3FwIoYl_QFVEn_CnliHDlM8gJJsuUDgYFrP4_9KyEn8kdCwTLrhTxPRoznSlL7Xws0siHS&avtc=1&avte=2&avts=1724073062
"DT Retail для работы и учебы серебрянный RAM 8 / SSD M.2 512 gb / Русская клавиатура / Windows PRO Ноутбук, Intel Celeron N5095, RAM 8 ГБ, SSD 256 ГБ, Intel UHD Graphics, Windows Pro, серебристый, Русская раскладка",26 192 ₽,https://www.ozon.ru/product/dt-retail-dlya-raboty-i-ucheby-serebryannyy-ram-8-ssd-m-2-512-gb-russkaya-klaviatura-windows-pro-1627859891/?asb=codrDZYnHUGif2Xr4KJUuZ3%252FYVT%252FlSeai%252FgNQ2%252FK6m4%253D&asb2=CJ8r40e9Z-sGYHPFYZ4WAwpysL6vNvBOI9J5IFFlexjcrG7pIR6d1rJVqEOpCnpSIzyqUKexzapTneQU7H4b3w&avtc=1&avte=4&avts=1724073062
"DT Retail для работы и учебы серебрянный RAM 8 / SSD M.2 512 gb / Русская клавиатура / Windows PRO Ноутбук, Intel Celeron N5095, RAM 8 ГБ, SSD 512 ГБ, Intel UHD Graphics, Windows Pro, серебристый, Русская раскладка",28 364 ₽,https://www.ozon.ru/product/dt-retail-dlya-raboty-i-ucheby-serebryannyy-ram-8-ssd-m-2-512-gb-russkaya-klaviatura-windows-pro-1620523484/?asb=jVW7F1SSt7iYpyUJ26HmzcTTrJbjAMAMXVCh%252B4%252BLWr0%253D&asb2=jOMl35JcEkUVOhD1qeYs2ckImIWRnWc40GBqkBS1E07a2baZRC2q6AoJ1EXAGhduhEIRgEwwrBNFFylekiK49A&avtc=1&avte=4&avts=1724073062
"AQUARIUS CMP NS483 Ноутбук 14"", Intel Core i5-8250U, RAM 8 ГБ, SSD 256 ГБ, Intel UHD Graphics, Без системы, (QRCN-NS483151618Q125E90NT2NNNN2), серый, Русская раскладка",27 743 ₽,https://www.ozon.ru/product/aquarius-cmp-ns483-noutbuk-14-intel-core-i5-8250u-ram-8-gb-ssd-256-gb-intel-uhd-graphics-bez-1604973839/?asb=L%252BD9d%252FkKoTGaM%252BQp6lKMuLqiCLIU7m76iA8g7yFKDTQ%253D&asb2=fsi4V7n4xOZ0GAk9jBYe1-s6JugYUwVwjbVLngS-EAK3r2oun7lG0quLUeCM23ggrsn6awFX9KIskC6gsKjnAQ&avtc=1&avte=4&avts=1724073062
"Ноутбук Ноутбук 14"", Intel Celeron N3450, RAM 8 ГБ, SSD, Intel HD Graphics 500, Windows Home, серебристый, Русская раскладка",18 019 ₽,https://www.ozon.ru/product/noutbuk-noutbuk-14-intel-celeron-n3450-ram-8-gb-ssd-intel-hd-graphics-500-windows-home-serebristyy-1609849167/?advert=kLvs-Lg7w8axFVVRQ8YM5Bon4S7VGO7-o7Z5RthxJew048_kLGBnKjbUVGaCUC76o6Dk6P7O9ca87ZFe7Kvb3tLINTQwKHJhvts2pE4WGfj28iL_6NOi-fkTgk1Mrz9Xro2NZ9bQBaCIhij9EcbUQ0BqTkeb9xGM0yiRWPpTYD7d3vUUhImVyHf4HX9jlrevMU3AIebtUau49ZinDqvgbJ0cxBMc8AAmurC8f4t9WAr6QZz_ZUx5BlSy92Fq0wtE1DydAh_IARhijYvwF8PC9cXq&avtc=1&avte=4&avts=1724073062
"DT Retail для работы и учебы серебрянный RAM 8 / SSD M.2 512 gb / Русская клавиатура / Windows PRO Ноутбук, Intel Celeron N5095, RAM 8 ГБ, SSD 256 ГБ, Intel UHD Graphics, Windows Pro, серебристый, Русская раскладка",25 119 ₽,https://www.ozon.ru/product/dt-retail-dlya-raboty-i-ucheby-serebryannyy-ram-8-ssd-m-2-512-gb-russkaya-klaviatura-windows-pro-1623461858/?asb=SKegvVpM%252BUn8EXXLs3djfmiAAGPMZID8UDD8v7G1rNg%253D&asb2=oO9o4QImfGK3I0R32i-EeKllgseMAd4zUf5JtJvrpyAsm-3IHtTXYC0dlXWuEQcVHWBLhV7gWD4xZWrBWVSUOQ&avtc=1&avte=4&avts=1724073062
"DT Retail для работы и учебы черный RAM 16 / SSD M.2 256 gb / Русская клавиатура / Windows PRO Ноутбук 15"", Intel Celeron N5095, RAM 16 ГБ, SSD 256 ГБ, Intel UHD Graphics, Windows Pro, черный, Русская раскладка",27 205 ₽,https://www.ozon.ru/product/dt-retail-dlya-raboty-i-ucheby-chernyy-ram-16-ssd-m-2-256-gb-russkaya-klaviatura-windows-pro-noutbuk-1627937429/?asb=DMrspd7ooKRupyrAOrFv%252FXr4X%252BVVGbmdTZ1pPWmXAXw%253D&asb2=HPPebYor6_cuVttEtbX3zO-UN3rMusCZqXTa64tG_GrHnxWBBK6ejhcxpMQIrTJ877I0_kaTLKyshlARUYWnKw&avtc=1&avte=4&avts=1724073062
"HUAWEI MateBook D 16 2024 Ноутбук 16"", Intel Core i7-13700H, RAM 16 ГБ, SSD 1024 ГБ, Intel Iris Xe Graphics, Windows Home, (53013WXB), серый, Русская раскладка",83 384 ₽,https://www.ozon.ru/product/huawei-matebook-d-16-2024-noutbuk-16-intel-core-i7-13700h-ram-16-gb-ssd-1024-gb-intel-iris-1590825307/?advert=TLnQWCZFqDEtbPqQ7bNE9nUoWbL_bRmbNIwGkcAGElzu0Lac73EHPo9eohoDYQrL-QQHFRBN-xDcQH18w1B8aqLi9NzU9NG2eSUtJG3cnDbsvh3JZjTnJFG3hY7lLjOpARJZ5_scxKgiExi1_yoLxp8DHcGV6K_LqTRasdFdazeC7bxX2SfERaLp8vOW1W8UQInGVPVDDB3Uh5erVJ3E_vo4Z5t2xNkjPX4m5kWg1NU4od_oh1zmO_EJ9YoVcW8HtH5Ks-OA2yxNYj2d16fEDXI-&avtc=1&avte=2&avts=1724073062
"HUAWEI MateBook D 14 Ноутбук 14"", Intel Core i5-12450H, RAM 8 ГБ, SSD 512 ГБ, Без системы, (53013XFQ), серебристый, Русская раскладка",36 217 ₽,https://www.ozon.ru/product/huawei-matebook-d-14-noutbuk-14-intel-core-i5-12450h-ram-8-gb-ssd-512-gb-bez-sistemy-1464376102/?asb=mAExiXfaO6d5i3FSQtPRIXtLehcS3yqNNJkE360NB0M%253D&asb2=ncI5ZQAIf0w4uzzO6H2msb5TAQJkvzDn4N9oJwgq_Qg0KI7qz398wc_9_nPDQBpbpWbvE-q6oNLpKNs15HRE6w&avtc=1&avte=2&avts=1724073062
"Timio F145G Ноутбук 15.6"", Intel Celeron N5095, RAM 16 ГБ, SSD 512 ГБ, Intel UHD Graphics 750, Windows Home, светло-серый, Русская раскладка",38 012 ₽,https://www.ozon.ru/product/timio-f145g-noutbuk-15-6-intel-celeron-n5095-ram-16-gb-ssd-512-gb-intel-uhd-graphics-750-1656124488/?asb=q%252Bu7hg7tqO%252FrOQ%252BlsQjh3Xx9RsXptlw9IJTGBNIWSNE%253D&asb2=h0lGJ6MUNFh0sbP_TFvRlZKQb12G0NLtzT45AYclT74c4MkImzmCmEtmGwdJvbHlWnKEQqTieqRtuV9kbJc93g&avtc=1&avte=4&avts=1724073062
"Acer Aspire 3 Ноутбук 15.6"", AMD Ryzen 3 7320U, RAM 8 ГБ, SSD 512 ГБ, AMD Radeon Graphics, Без системы, (NX.KDEER.00B), серебристый, Русская раскладка",34 401 ₽,https://www.ozon.ru/product/acer-aspire-3-noutbuk-15-6-amd-ryzen-3-7320u-ram-8-gb-ssd-512-gb-amd-radeon-graphics-bez-sistemy-1628553924/?advert=_iaImpZER_IU_ILppuWJ6BiKL6fx-exhgXO0ZAHIg82f_UbAgiKwFns6nW-XvRPyq7YpijTD55kPz6WM02Rc1vWluqTIGT6O9kX59TkvKcncqyGpZbA1i16WjGnFBBWcWbqWYaO-CTk9qbn-m6eM40FhBkPcffwB0We8NBrXlKRyiDv0eQq357U-twEFjn0hgWEzjpJT08EBMs4BtxYLqyuUJFP5CBOc7zMUn37xBR4h82ChWk4fGj1LdId32Vp8TvEVx3OWTi4P2wZ7UzRMZXmfFVdd2w&avtc=1&avte=2&avts=1724073062
"Honor MagicBook X16 Pro (BRN-G56) Ноутбук 16"", Intel Core i5-13500H, RAM 16 ГБ, SSD 1024 ГБ, Intel Iris Xe Graphics, Windows Pro, серебристый, Русская раскладка",74 182 ₽,https://www.ozon.ru/product/honor-magicbook-x16-pro-brn-g56-noutbuk-16-intel-core-i5-13500h-ram-16-gb-ssd-1024-gb-intel-iris-xe-1657401290/?asb=2FPHclvu84ei%252BvS%252BHd%252FyWibUvIf9DO%252F3GkpzGLxqXJQ%253D&asb2=iCRGxiWI2dqgjNKjYsYWdKqM4Y_Dxmys46IPId9bQh2rlHr1Dzty7_NMlxmgINmnJpugFNnjOeTQxkUzrFdMcw&avtc=1&avte=2&avts=1724073062
"DT Retail для работы и учебы серебрянный RAM 8 / SSD M.2 256 gb / Русская клавиатура / Windows PRO Ноутбук, Intel Celeron N5095, RAM 8 ГБ, SSD 256 ГБ, Intel UHD Graphics, Windows Pro, серебристый, Русская раскладка",24 695 ₽,https://www.ozon.ru/product/dt-retail-dlya-raboty-i-ucheby-serebryannyy-ram-8-ssd-m-2-256-gb-russkaya-klaviatura-windows-pro-1620509896/?asb=kpSDEecnwtK7PO4LDW007ElQYScvzrgYQduMIJ1NjKY%253D&asb2=R4IFZBYpR6HbrH-HskGDqe-vVIkfs4aQk8LamctCq9t5-EPjDfFx7ztMIxkZfP_dTS9jN-d-mD7AdmZfJDijTg&avtc=1&avte=4&avts=1724073062
"Lenovo IdeaPad Slim 3 16IAH8 Ноутбук 16"", Intel Core i5-12450H, RAM 16 ГБ, SSD 512 ГБ, Intel UHD Graphics, Без системы, (83ES0006RK), серый, Русская раскладка",41 841 ₽,https://www.ozon.ru/product/lenovo-ideapad-slim-3-16iah8-noutbuk-16-intel-core-i5-12450h-ram-16-gb-ssd-512-gb-intel-uhd-graphics-1628553865/?advert=LgvSujy5qpY78QLGjbz3GlDaa4an0YMc2FYyImWoraCRaeNMI3eeTNmfSuG-K0pFMDBMthe1bsxiBAU6KimbnxSRmwCJDd080yKd5IsJ2GKAncBTzCDF-souaw_D0s7DBHEUD7yC5mZEmczwX2PQlI12To81Uf8PYF9rkHDwrjtWeNS-EPA9U-XJCLv1Zayj7QaFPjsIRjx6ZMEu6gJasO8_lv0BwalXbGsDpFNiug1RZopayxUcxHvJ7uw1xtNdCAo_NIpd1uHakiHf-0DXsaQ827oCy_s&avtc=1&avte=2&avts=1724073062
"Ноутбук INTECH Ноутбук 15.6"", AMD Ryzen 5 5600U, RAM 16 ГБ, SSD 256 ГБ, AMD Radeon RX Vega 7, Без системы, (2040658459896), Русская раскладка",35 424 ₽,https://www.ozon.ru/product/noutbuk-intech-noutbuk-15-6-amd-ryzen-5-5600u-ram-16-gb-ssd-256-gb-amd-radeon-rx-vega-7-bez-1628846377/?asb=E6S2iQtB%252FNxMOqlWkC3dk9Hq%252BzNtM2AmGjhWAXRqe64%253D&asb2=KVqI6TDCdmACWwLTGlmD6cC3rNg9U4wPR62jJqoZwJIhWy10K6fprR9mswROd3j5jewcL0d_CK458cNORxseug&avtc=1&avte=2&avts=1724073062
"DT Retail LT7-222 Ноутбук 15"", AMD Ryzen 5 4500U, RAM 12 ГБ, SSD 512 ГБ, AMD Radeon, Windows Pro, серебристый, белый, Русская раскладка",36 912 ₽,https://www.ozon.ru/product/dt-retail-lt7-222-noutbuk-15-amd-ryzen-5-4500u-ram-12-gb-ssd-512-gb-amd-radeon-windows-pro-1630343413/?asb=CJua1jf4Zp20wDMnKH9m7mt0z7d85Vlhm7gzjfy0Lfw%253D&asb2=-WObxbQpsTV590QmsHeDVz0ICfA0Fq66-CwGQoJIMNiESu8TPmcd0W_hpV95X0vkpP4GI1i-K__8MgPPL9HNLA&avtc=1&avte=4&avts=1724073062
"Гравитон Н15И Ноутбук 15.6"", Intel Core i5-10210U, RAM 8 ГБ, SSD, Intel UHD Graphics, Windows Pro, черный, Русская раскладка",29 496 ₽,https://www.ozon.ru/product/graviton-n15i-noutbuk-15-6-intel-core-i5-10210u-ram-8-gb-ssd-intel-uhd-graphics-windows-pro-chernyy-1629728741/?advert=3LXXzlPk0nTjuduqUc6PfT_eAETvQxaKors9n5fLdiIo086-3i8HuD-xegPGgMC6GL0VfVi-TlGawO68s7yvqB9upDn_gJbHWNVM0xGC10XSrZ4jQBt0b3J1lplJYFhBrRDq09CoIv0AehI9ZWqL-CQwk9yFGT4TZf7kXjVb8iDtEWGAWzKiITlf6iaDZsxAGcU88R9YphijbD5mEg2gpZaNqSJSP7GZ7bSrNmCY36sPzAitvr1jPrV0WZ_6J-_3OADdDt54UMyM7IczNeMbIUMeRAdNaF1MWcf3&avtc=1&avte=2&avts=1724073062
"MSI Thin GF63 12UC-1094XRU Игровой ноутбук 15.6"", Intel Core i5-12450H, RAM 8 ГБ, SSD 512 ГБ, NVIDIA GeForce RTX 3050 для ноутбуков (4 Гб), Без системы, (9S7-16R821-1094), черный, Русская раскладка",66 353 ₽,https://www.ozon.ru/product/msi-thin-gf63-12uc-1094xru-igrovoy-noutbuk-15-6-intel-core-i5-12450h-ram-8-gb-ssd-512-gb-1642254414/?asb=7a4VwMlzK0K2UcnfJMegWa3TfaIFnLVreekwNAHSRF0%253D&asb2=xMtPtFtCGEBSMQmmFSQld2zcgBkZssiB0ERgSymefSF7WsXySx8IL9BQBzoy9qtoTK_JaQFqf2DwZBjJblSttQ&avtc=1&avte=2&avts=1724073062
"Ноутбук HTEX H16 Pro16/512 Ноутбук 15.6"", Intel Celeron N5095, RAM 16 ГБ, SSD 512 ГБ, Intel UHD Graphics, Windows Pro, серый, Русская раскладка",20 764 ₽,https://www.ozon.ru/product/noutbuk-htex-h16-pro16-512-noutbuk-15-6-intel-celeron-n5095-ram-16-gb-ssd-512-gb-intel-uhd-1519738124/?asb=zuXwoOUO2V6%252B59lWGmplSc18gg3OPDWfXXEtQ42E58E%253D&asb2=dRW6oEpp5p3B5bdOW16_rt2zQt89M1QS-bGuyvw4hWwANFLN13FBAU_wZ8Lwcw7hIVo3eZqXmUdtj0c3vpUHQw&avtc=1&avte=2&avts=1724073062
"HUAWEI Matebook D 15 2021 Ноутбук 15.6"", RAM 8 ГБ, Без системы, (53013TUE), серебристый, Русская раскладка",47 430 ₽,https://www.ozon.ru/product/huawei-matebook-d-15-2021-noutbuk-15-6-ram-8-gb-bez-sistemy-53013tue-serebristyy-russkaya-raskladka-1636086427/?advert=vE7Zr2yO9eklt8vAz0BpiSpLPEXNFPMBblM5QrhFVNPIFbZPgYfqeY3STT9Z_yG6AS2pb7DY1NxZK8fCiSq71aOvbapM1aLiYnNew54qmlkravT45AhpP6hAkGB7XJBw1ybxjwqUKcyRB_wZ7xI0wHLOWww05t2NyXzlV-VMG9FSYRXsMxRoToHxNPj3IJdhEuPen6QZUAmyX6FFF1_-Y_ddWPNPEIobkyIrXNNIO1Ffgze2I-jep1ZM7aGQejZfjBdl-XRJB7LZQpbvBsVjGgQA2Xg1O0FZgFA&avtc=1&avte=2&avts=1724073062
"Echips Arctic Ноутбук 15.6"", Intel Processor N100, RAM 8 ГБ, SSD 256 ГБ, Intel UHD Graphics, Windows Home, синий, Русская раскладка",26 201 ₽,https://www.ozon.ru/product/echips-arctic-noutbuk-15-6-intel-processor-n100-ram-8-gb-ssd-256-gb-intel-uhd-graphics-windows-1555523536/?asb=u7XR4GYXhE1zu6I89ZC4D%252F%252FbULTHVIvttScHHmVnEPE%253D&asb2=oQt1TRuLMhP3PlcAqDXDc6WCqrzunvNkAF5LQtMyFIeeKNWIp3qgUmEIcAjHVq89Vi5vuECdVyemwR9LCWT-eQ&avtc=1&avte=2&avts=1724073062
"Honor MagicBook 14 (DOS) Ноутбук 14"", AMD Ryzen 5 5500U, RAM 8 ГБ, SSD 512 ГБ, AMD Radeon Graphics, Без системы, (5301AFVH), серый, Русская раскладка",39 760 ₽,https://www.ozon.ru/product/honor-magicbook-14-dos-noutbuk-14-amd-ryzen-5-5500u-ram-8-gb-ssd-512-gb-amd-radeon-graphics-1087860538/?asb=fdQrM7EEcYbxVN7QQH%252B6hsyRT88KUos6RqHWv5q6UFo%253D&asb2=kG74WJF9Oe56ih_h_odevlFGjTSXkBxqnGM2p6mVzkwvJCZ_gZ2hOIv_ij5U5j7KQUw8A6orgZZ2P3tb-_cTDA&avtc=1&avte=2&avts=1724073062
"Lenovo IdeaPad 1 15ALC7 Ноутбук 15.60"", AMD Ryzen 7 5700U, RAM 16 ГБ, SSD 512 ГБ, AMD Radeon, Без системы, (82R4EBTRRU), серый, Русская раскладка",50 211 ₽,https://www.ozon.ru/product/lenovo-ideapad-1-15alc7-noutbuk-15-60-amd-ryzen-7-5700u-ram-16-gb-ssd-512-gb-amd-radeon-bez-sistemy-1632605012/?advert=mDLt7degaRhtakv6oIPPL8mJTTVBjCL1aU3LnDGboFG6rkReUuC-l6qQ6iZFBKdq8Rl3mUv_KkcaG2RBWuM-qb0Gt80HCojr5BCltAl_iLnDd8xxCi2zOMvwb2lUsQ01mnapzE7cJ-KoeVfmsdD_kz0GiL8qs672NWWq6gf9oUPmRDbN-tMk6eyr56ozSUoImHix15_PmfmbZKZryVyc_TlfMax18lQEc4nj8Xlrp9kYW0tDSmDsXGC9Dfr10IAiWoYCLowi-ovpu9vRqVxJdP0LLGaUFFQ&avtc=1&avte=2&avts=1724073062
"Honor MagicBook X16, 2024 i5 DOS Ноутбук 16"", Intel Core i5-12450H, RAM 8 ГБ, SSD 512 ГБ, Intel UHD Graphics, Без системы, (5301AHHP), серый металлик, Русская раскладка",39 181 ₽,https://www.ozon.ru/product/honor-magicbook-x16-2024-i5-dos-noutbuk-16-intel-core-i5-12450h-ram-8-gb-ssd-512-gb-intel-uhd-1557387967/?asb=97XRIOcK10g6zPbUAkPW4f6Yb67Xm2%252BFn4dn2GDFKyQ%253D&asb2=IuJm8DzpB2g0YSQvPla9PMsNtvpBrrY6_yd6B8b1VYS79fRZ7-PLO0tkeAtX6a014uBqNfrzi3aejo6won33YA&avtc=1&avte=2&avts=1724073062
"Compolis N4200 Ноутбук 14"", Intel Pentium N4200, RAM 12 ГБ, SSD, Intel HD Graphics 500, Windows Pro, (0), черный, серый, Русская раскладка",17 250 ₽,https://www.ozon.ru/product/compolis-n4200-noutbuk-14-intel-pentium-n4200-ram-12-gb-ssd-intel-hd-graphics-500-windows-pro-0-1409440418/?asb=4QrXBb9P%252FDRnm6kqef9bpqQK8Y2jStGCG9fA7%252FUUBl8%253D&asb2=Tcp8hjIB4bJpuj05iLNufXXbGWinrcbib2abqWOSgDlAmeg6qLtKGxBANFrflPMRcu26lGLyAeC-66FiFBNxJg&avtc=1&avte=4&avts=1724073062
"Honor MagicBook 14 (DOS) Ноутбук 14"", AMD Ryzen 5 5500U, RAM 16 ГБ, SSD 512 ГБ, AMD Radeon Graphics, Без системы, (5301AFWF), серый, Русская раскладка",45 990 ₽,https://www.ozon.ru/product/honor-magicbook-14-dos-noutbuk-14-amd-ryzen-5-5500u-ram-16-gb-ssd-512-gb-amd-radeon-graphics-1618566241/?advert=ffdtBCxn9zaMG64KFnqVobNKZf98zbevcvbO8SVU1-Ra1w8MZN3VPyQLWV7m3LDdz73XpKumMdO7bLeQLVcFnGtsKKr3Xr2Osz0O7OCWmgNGociVa3L3yqAX7WJc4BknoqD4SUE_Dk2tgaMQEJA7OJtkYVX0wm4rjwn4bFzWE8wyzRXcSkN3GnDB6pPJUvQ7ogRMeJRnEqSPwtYqWyIitqSL-XEuQ3nKo6WN6FJv1Xn7nQe1qnYXDVP_bf5MUWy9QWY2rGlOieyH0fX9vkrlc8kcvFFsQc1VJMAj&avtc=1&avte=2&avts=1724073062
"F152G Ноутбук 15.6"", Intel Celeron N5095, RAM 16 ГБ, SSD 512 ГБ, Intel UHD Graphics 750, Windows Home, серый металлик, Русская раскладка",35 937 ₽,https://www.ozon.ru/product/f152g-noutbuk-15-6-intel-celeron-n5095-ram-16-gb-ssd-512-gb-intel-uhd-graphics-750-windows-home-1628764355/?asb=mqQuftcoaK7dBK8OtIwLNrQ4gDRvYVsKpp%252ByEwdadog%253D&asb2=U_uqwAMwVgEM3wUQz2GbqNmTpULWYQzppXMUrOMj-ItBcpsZ01lh-tgA2svOlQrObiVhVX942y_YWPLgjUVNRzDzIryTdPV9-JKbrV2Z-AuH7dE0rOTIwvYEjXObNC_Jsq5pK3ogd9BCBxfzBPLwg-uuIxEfsnHnG6ikNm8e4n0&avtc=1&avte=4&avts=1724073062
"Compolis NB CP Ноутбук 15.6"", Intel Celeron N5095, RAM 16 ГБ, SSD 512 ГБ, Intel UHD Graphics 600, Windows Pro, черный, Русская раскладка",23 616 ₽,https://www.ozon.ru/product/compolis-nb-cp-noutbuk-15-6-intel-celeron-n5095-ram-16-gb-ssd-512-gb-intel-uhd-graphics-600-windows-1394714713/?asb=mR0FOejfkaPar7oweJ2Wi2jKqQwvqZSAFVFXEWAHcRA%253D&asb2=4l7CCbIqqHITRHwtAMMt53Jy5WOY93pXPZUMT_NAsmWs2tb2mxbdCavpQbFxPOOIBiQXANdm7gGMBa30k_aJvg&avtc=1&avte=4&avts=1724073062
"Machcreator One i3 (JB0C1B001RU) Ноутбук 15.6"", Intel Core i3-1005G1, RAM 8 ГБ, SSD 256 ГБ, Intel UHD Graphics, Windows Pro, (One i3 (JB0C1B001RU)), серый, Русская раскладка",25 421 ₽,https://www.ozon.ru/product/machcreator-one-i3-jb0c1b001ru-noutbuk-15-6-intel-core-i3-1005g1-ram-8-gb-ssd-256-gb-intel-1614589946/?advert=HvKreDiEKCPikVeehiVGd96d0xoMMWiS5CCp17zOzvBHkkc1uVJI9MiJXNdfRFjOPm5nfTfdIC8TpFJ6KGfbLwHYy3GPyVEC9tWgM_6iRx2RnkOZfMh7hQ7w8ZQAbjuhn5mhePH-YfFf47N7Pr1KhUmjYq0B9zZbEO6fxOHXVMfWoN3Ebrd4DJttOCPkBmgSAaw7tIDXBN7qwOzZdlJ32IqumNzz1uWWb0ORCJ6I55JZqYbaEG5rDkBSVCO-jo51FwtDHg5Hf2sGfugFrMWtC9i8hh3dNA8NEDf9&avtc=1&avte=2&avts=1724073062
"Digma Pro Breve S Ноутбук 15.6"", Intel Core i5-1035G1, RAM 16 ГБ, SSD 512 ГБ, Intel UHD Graphics, Windows Pro, (DN15P5-ADXW04), темно-серый, Русская раскладка",35 216 ₽,https://www.ozon.ru/product/digma-pro-breve-s-noutbuk-15-6-intel-core-i5-1035g1-ram-16-gb-ssd-512-gb-intel-uhd-graphics-1607510458/?asb=cm1pYgTocvooLRy%252BZ%252F6blYg6qZkznKctx3D9CeH0%252BJg%253D&asb2=6QBBVI8x3lMM5M5fER40sXPkl7EZaT3CVaLQXe6uaSO0l68QaqO2Wcsae8aWuMZg38mbzYMJLV-hXbd_2iFJUQ&avtc=1&avte=2&avts=1724073062
"Compolis AMD/ 15,6""/ 12 RAM/ 512 SSD Ноутбук 15.6"", AMD Ryzen 5 4500U, RAM 12 ГБ, SSD 512 ГБ, AMD Radeon Vega 6, Windows Pro, черно-серый, Русская раскладка",31 657 ₽,https://www.ozon.ru/product/compolis-amd-15-6-12-ram-512-ssd-noutbuk-15-6-amd-ryzen-5-4500u-ram-12-gb-ssd-512-gb-amd-radeon-1604491022/?asb=30veNN9qXS9SXqE3mHP252Iz5iOihd59uec4%252FmPvRnE%253D&asb2=MC7y20eqxpVlr_OPUpqlDbcqEE6ABckR-DervnWoJJsO3Ef8wiqbWHtymLkFjc4-nLZVMQ7WlyOAPQUNnWe0ew&avtc=1&avte=2&avts=1724073062
"Fronsh T425 Ноутбук 15.6"", Intel Celeron J4025, RAM 16 ГБ, SSD, Intel HD Graphics, Windows Pro, серебристый, Русская раскладка",22 218 ₽,https://www.ozon.ru/product/fronsh-t425-noutbuk-15-6-intel-celeron-j4025-ram-16-gb-ssd-intel-hd-graphics-windows-pro-serebristyy-1632823438/?advert=nmRZAdOVjAYWM71h4PLWfJVzR2xt3op9OkvElGRykLJRdQt1sqz3oOihsOHhmNF5yiGrCKm5qPNHdwPCm9A4FJlVaStPcR6WOm95tjye2ZIC8LSAn9aq6qgBaJ8qf3OyhWsfkC86bsv_L1Gba-LETVjvxtIw7EaxNf1L5mCY6AMFXy_gnowanip8yh5ckiThQLvtpzms_gofIxsoQXzHiOve57B1TzhKZgPHV0cwdHz_FieljuuK1t7DPRk-bI1rijbhBaj8yQnabeha-WkpGEC-DoWydvM6BWT6&avtc=1&avte=2&avts=1724073062
